secs_elapsed,interval_qps
1,158510
2,170210
3,169081
4,170852
5,168839
6,165434
7,168516
8,169065
9,157543
10,167779
11,136664
12,168773
13,169102
14,75433
15,160366
16,166071
17,169695
18,165499
19,110628
20,169112
21,167777
22,152052
23,91598
24,148271
25,169269
26,168358
27,166899
28,123667
29,127969
30,95770
31,169523
32,168901
33,170115
34,102240
35,161892
36,110995
37,163269
38,126623
39,87485
40,162840
41,114387
42,164771
43,167774
44,168225
45,155681
46,121852
47,168024
48,163939
49,164684
50,166327
51,125314
52,75847
53,97690
54,62784
55,151145
56,95053
57,78015
58,169697
59,166085
60,169878
61,168563
62,167461
63,167846
64,170419
65,130655
66,167333
67,117878
68,136727
69,112526
70,148841
71,169331
72,171529
73,122541
74,151769
75,150641
76,163919
77,119898
78,58829
79,157702
80,169883
81,148209
82,151890
83,110308
84,94531
85,136883
86,163312
87,150247
88,46263
89,138107
90,110241
91,163020
92,89203
93,169477
94,117062
95,146221
96,121779
97,164389
98,41352
99,105380
100,124568
101,159070
102,77716
103,129370
104,116499
105,162670
106,143244
107,132248
108,113204
109,103999
110,167993
111,169983
112,170271
113,169436
114,115334
115,165770
116,166595
117,163402
118,156170
119,139349
120,135788
121,152188
122,86868
123,121211
124,146061
125,163629
126,137289
127,135656
128,135807
129,167892
130,168140
131,100247
132,123493
133,7888
134,73523
135,139932
136,146543
137,66488
138,131898
139,54620
140,142980
141,153577
142,97584
143,122826
144,163119
145,162283
146,79326
147,155387
148,125852
149,167499
150,166261
151,140966
152,111953
153,96115
154,146645
155,149262
156,142882
157,125482
158,149111
159,164206
160,76274
161,142203
162,166817
163,99631
164,105924
165,101697
166,160639
167,161136
168,106837
169,113722
170,91040
171,7553
172,130872
173,155745
174,62573
175,71126
176,160910
177,150113
178,165698
179,132400
180,84711
181,144973
182,123816
183,147536
184,150156
185,150897
186,129224
187,117896
188,163027
189,171587
190,158189
191,166903
192,102483
193,104490
194,146109
195,161245
196,164429
197,80291
198,117649
199,116714
200,134893
201,153534
202,144028
203,18617
204,161019
205,99003
206,168278
207,152513
208,143200
209,128352
210,130671
211,112182
212,99688
213,100263
214,7882
215,7887
216,7503
217,101023
218,111509
219,169439
220,156684
221,71346
222,163293
223,159583
224,107950
225,162716
226,163245
227,155856
228,7889
229,10193
230,158871
231,164072
232,132311
233,131235
234,130027
235,130602
236,92031
237,104980
238,82165
239,116515
240,8288
241,5663
242,102260
243,169936
244,100121
245,119266
246,82331
247,148851
248,155923
249,141105
250,163927
251,162725
252,126844
253,7885
254,12384
255,166644
256,165810
257,165778
258,114069
259,147231
260,7889
261,60323
262,145022
263,50485
264,7752
265,8019
266,127649
267,67194
268,162647
269,113328
270,161747
271,128949
272,163101
273,136951
274,120701
275,67315
276,124225
277,45059
278,168410
279,164587
280,89921
281,107512
282,134318
283,154153
284,91511
285,142006
286,166082
287,159472
288,142034
289,135481
290,80005
291,74820
292,50346
293,130799
294,42894
295,7900
296,147244
297,55787
298,127031
299,162717
300,149155
301,164174
302,88041
303,60835
304,106708
305,103611
306,58030
307,146093
308,150743
309,116109
310,73261
311,142860
312,133078
313,138688
314,145128
315,165997
316,53648
317,119451
318,123717
319,143358
320,166968
321,116466
322,60462
323,154802
324,7297
325,18554
326,158564
327,70610
328,7258
329,14469
330,108262
331,145532
332,93756
333,148373
334,162974
335,129176
336,102019
337,34665
338,161707
339,165154
340,164008
341,122323
342,143450
343,167823
344,99912
345,141424
346,133477
347,24453
348,156964
349,100376
350,94743
351,88137
352,7419
353,71660
354,62088
355,79505
356,133915
357,151354
358,107237
359,146201
360,75584
361,166453
362,64236
363,67053
364,113002
365,161242
366,158049
367,100993
368,89454
369,127817
370,120535
371,126304
372,100622
373,148989
374,159363
375,40227
376,63422
377,138489
378,98767
379,117222
380,87282
381,162581
382,161721
383,140154
384,147613
385,108081
386,156985
387,6531
388,84865
389,7557
390,81299
391,82710
392,7522
393,67651
394,133489
395,163745
396,163703
397,164721
398,157116
399,57608
400,7884
401,7886
402,7813
403,7679
404,113245
405,165983
406,155279
407,123135
408,124177
409,104002
410,71341
411,139389
412,100165
413,105957
414,114014
415,85968
416,55639
417,28994
418,47084
419,121565
420,64789
421,42743
422,24317
423,74413
424,40101
425,112664
426,118312
427,162801
428,97891
429,150454
430,134604
431,163821
432,134146
433,125535
434,48259
435,8645
436,42400
437,147250
438,146527
439,163858
440,128816
441,42777
442,6988
443,28958
444,164559
445,110910
446,122694
447,39125
448,92675
449,45920
450,90729
451,33752
452,7890
453,45990
454,55996
455,101577
456,57004
457,109254
458,153508
459,163965
460,121675
461,166057
462,166712
463,115351
464,89256
465,7387
466,8388
467,83937
468,133084
469,150537
470,152066
471,162029
472,89193
473,77260
474,85939
475,46042
476,76924
477,55964
478,60401
479,92062
480,7885
481,39863
482,60952
483,45496
484,154402
485,41935
486,98338
487,120910
488,166610
489,86093
490,141547
491,105818
492,123495
493,117135
494,125723
495,164615
496,152804
497,111614
498,71386
499,84837
500,56956
501,7880
502,7895
503,57753
504,128460
505,7275
506,91884
507,64978
508,7893
509,7887
510,103432
511,107043
512,120951
513,62462
514,93024
515,162207
516,128871
517,162235
518,156843
519,113353
520,23437
521,160809
522,165283
523,141023
524,120928
525,117635
526,98369
527,15515
528,141008
529,124175
530,102145
531,47323
532,52435
533,104251
534,34971
535,59823
536,6443
537,9328
538,86855
539,146930
540,94542
541,70928
542,98506
543,19501
544,138303
545,108012
546,61453
547,62909
548,8733
549,80790
550,127361
551,57472
552,7907
553,53951
554,95468
555,29178
556,17994
557,100595
558,67120
559,97654
560,99275
561,164907
562,16629
563,152175
564,75892
565,24580
566,50530
567,138822
568,7889
569,54199
570,68850
571,120958
572,108639
573,83009
574,49325
575,7114
576,92170
577,52565
578,7655
579,126396
580,93511
581,123322
582,71029
583,60270
584,75881
585,118666
586,97121
587,114811
588,45325
589,11074
590,113876
591,41888
592,59269
593,85680
594,87208
595,73914
596,77545
597,44653
598,55542
599,54226
600,71440
601,91042
602,34810
603,93935
604,98290
605,52242
606,7881
607,106332
608,100793
609,35892
610,64670
611,56240
612,59812
613,95403
614,35777
615,141652
616,72874
617,36018
618,165049
619,36455
620,45557
621,45358
622,44809
623,112906
624,88224
625,44446
626,44619
627,78790
628,7444
629,46953
630,111335
631,77345
632,25292
633,7884
634,91642
635,7007
636,86134
637,69564
638,48498
639,89709
640,16100
641,6535
642,71380
643,65848
644,70926
645,32678
646,44403
647,100226
648,7887
649,89866
650,27609
651,13181
652,118071
653,36419
654,8558
655,34736
656,65753
657,14855
658,80885
659,64977
660,108412
661,63433
662,55634
663,91446
664,55031
665,7887
666,46693
667,140226
668,136546
669,51614
670,73265
671,49523
672,52814
673,70268
674,25575
675,66554
676,66689
677,43745
678,75217
679,82963
680,133226
681,33919
682,7808
683,6481
684,153571
685,7888
686,34199
687,73743
688,75885
689,56878
690,75219
691,95309
692,55832
693,70235
694,82386
695,40888
696,141870
697,80126
698,166055
699,158389
700,13217
701,8123
702,79234
703,28520
704,82878
705,51118
706,130496
707,50697
708,58208
709,40311
710,140188
711,161298
712,10428
713,7888
714,27521
715,100727
716,99021
717,39440
718,7888
719,49027
720,7891
721,55717
722,75059
723,114758
724,72773
725,47341
726,37886
727,81469
728,75501
729,101251
730,73556
731,43511
732,145091
733,7892
734,86258
735,7779
736,67776
737,114283
738,41603
739,19202
740,33913
741,137403
742,106696
743,54516
744,10960
745,83740
746,38269
747,72038
748,96412
749,89599
750,36193
751,109649
752,82018
753,62329
754,7142
755,61751
756,71759
757,54919
758,53469
759,61586
760,70764
761,46776
762,84161
763,58039
764,64954
765,71446
766,58154
767,91023
768,95587
769,7885
770,137406
771,7858
772,7889
773,103008
774,129251
775,6856
776,53201
777,92407
778,89879
779,86839
780,79087
781,7883
782,55352
783,87271
784,81689
785,24741
786,82768
787,29054
788,129136
789,88531
790,7764
791,43649
792,101655
793,94235
794,7886
795,7893
796,133821
797,33352
798,150398
799,28603
800,61961
801,134629
802,19945
803,6593
804,99286
805,7494
806,32641
807,144476
808,73650
809,88050
810,12749
811,42630
812,38180
813,131494
814,29972
815,90183
816,100626
817,59076
818,47167
819,6359
820,128313
821,26548
822,7888
823,74317
824,143306
825,21850
826,7887
827,55000
828,150361
829,31936
830,33296
831,59404
832,51883
833,7883
834,94244
835,31369
836,59498
837,51478
838,103930
839,6945
840,63885
841,112830
842,143631
843,77282
844,60427
845,18350
846,103179
847,65229
848,138612
849,8267
850,36922
851,58724
852,7887
853,87504
854,12416
855,7885
856,121872
857,66925
858,48009
859,21551
860,147559
861,113951
862,54440
863,84818
864,71409
865,6259
866,7885
867,52621
868,58246
869,31205
870,128077
871,51184
872,67410
873,34247
874,103290
875,31200
876,78838
877,50449
878,86431
879,141288
880,36168
881,7894
882,40856
883,131457
884,96734
885,32442
886,7888
887,7882
888,79159
889,101495
890,27190
891,26210
892,51874
893,67118
894,67619
895,65356
896,7892
897,37132
898,109239
899,60450
900,27736
901,98028
902,15984
903,137548
904,71177
905,164808
906,106963
907,98255
908,26255
909,7891
910,62614
911,83072
912,7884
913,81294
914,29310
915,28996
916,33158
917,7885
918,82654
919,82109
920,22240
921,48101
922,61356
923,82746
924,100263
925,15790
926,50870
927,107738
928,30823
929,69803
930,40683
931,94324
932,10013
933,7881
934,121920
935,113075
936,38760
937,7887
938,48725
939,31852
940,121120
941,83690
942,76909
943,79452
944,58239
945,114755
946,91413
947,133968
948,16823
949,70549
950,95946
951,52355
952,119293
953,3672
954,7255
955,118890
956,118529
957,6757
958,7887
959,56174
960,95098
961,30380
962,52056
963,3990
964,7214
965,103445
966,105845
967,130700
968,53788
969,7889
970,48983
971,71067
972,92279
973,101491
974,68949
975,94294
976,103453
977,34094
978,7887
979,46828
980,8413
981,54872
982,7882
983,89693
984,7597
985,80281
986,73747
987,95102
988,105941
989,38966
990,7884
991,74734
992,55711
993,64843
994,60290
995,137382
996,123087
997,70806
998,7883
999,7892
1000,41107
1001,125980
1002,132054
1003,160398
1004,46697
1005,132147
1006,86603
1007,100045
1008,90434
1009,124357
1010,42506
1011,28374
1012,101749
1013,58860
1014,144585
1015,105167
1016,7090
1017,161631
1018,138622
1019,142159
1020,89712
1021,10630
1022,149795
1023,36892
1024,49393
1025,51008
1026,18627
1027,86827
1028,2562
1029,13076
1030,76097
1031,126951
1032,84715
1033,59956
1034,47454
1035,85891
1036,62089
1037,35226
1038,68702
1039,24831
1040,32967
1041,81147
1042,69717
1043,7437
1044,111490
1045,8791
1046,87479
1047,7887
1048,92490
1049,59506
1050,14845
1051,133317
1052,7883
1053,88568
1054,6568
1055,7917
1056,78068
1057,24539
1058,44793
1059,72137
1060,7893
1061,95451
1062,94431
1063,30297
1064,125095
1065,7888
1066,20395
1067,45466
1068,86359
1069,33626
1070,19720
1071,37699
1072,65112
1073,65352
1074,69697
1075,79433
1076,6690
1077,42373
1078,104311
1079,109011
1080,66460
1081,67365
1082,56943
1083,93772
1084,6509
1085,30632
1086,102511
1087,34582
1088,56899
1089,89831
1090,98799
1091,8448
1092,48509
1093,85445
1094,61754
1095,83533
1096,110205
1097,7538
1098,85418
1099,56617
1100,7888
1101,55556
1102,97419
1103,5354
1104,7884
1105,7894
1106,7882
1107,54486
1108,19282
1109,109519
1110,16416
1111,48173
1112,31947
1113,96917
1114,82446
1115,48439
1116,7897
1117,7305
1118,117365
1119,25353
1120,43295
1121,37537
1122,149642
1123,47221
1124,52450
1125,82376
1126,73857
1127,7964
1128,78908
1129,44749
1130,97140
1131,7884
1132,7888
1133,104777
1134,87230
1135,89276
1136,113431
1137,11982
1138,62691
1139,81732
1140,92609
1141,128258
1142,75273
1143,58179
1144,73215
1145,44495
1146,45494
1147,87693
1148,67380
1149,56102
1150,67441
1151,56222
1152,91791
1153,58644
1154,6083
1155,91430
1156,60518
1157,126821
1158,7883
1159,48152
1160,129036
1161,68267
1162,58379
1163,87223
1164,35891
1165,61253
1166,33685
1167,85498
1168,37008
1169,20007
1170,7056
1171,49119
1172,91215
1173,46045
1174,125781
1175,16350
1176,39575
1177,43022
1178,152071
1179,29772
1180,7135
1181,55340
1182,119658
1183,5937
1184,6871
1185,101969
1186,48780
1187,62374
1188,7886
1189,44658
1190,136899
1191,22819
1192,89671
1193,63252
1194,37238
1195,69111
1196,94426
1197,54671
1198,76775
1199,51424
1200,38118
1201,74207
1202,69452
1203,26158
1204,7348
1205,24053
1206,122128
1207,66547
1208,47400
1209,80047
1210,7887
1211,7303
1212,7556
1213,107214
1214,53824
1215,7892
1216,80669
1217,30733
1218,110349
1219,14450
1220,73167
1221,55495
1222,85984
1223,7191
1224,120992
1225,63808
1226,100752
1227,41001
1228,90065
1229,44094
1230,8616
1231,59989
1232,47538
1233,75452
1234,86789
1235,36832
1236,109987
1237,11781
1238,91204
1239,17931
1240,106343
1241,7173
1242,110890
1243,16559
1244,147662
1245,123639
1246,11747
1247,62331
1248,22489
1249,67055
1250,67875
1251,71735
1252,73144
1253,84677
1254,7580
1255,7890
1256,94738
1257,117552
1258,53814
1259,113521
1260,67275
1261,38758
1262,7755
1263,75296
1264,105445
1265,57548
1266,77734
1267,48340
1268,120468
1269,7349
1270,7889
1271,75088
1272,124725
1273,37570
1274,19351
1275,124479
1276,22317
1277,114756
1278,72420
1279,32327
1280,9023
1281,78420
1282,7596
1283,59794
1284,104984
1285,7886
1286,81167
1287,16302
1288,91623
1289,99439
1290,50996
1291,119140
1292,111630
1293,42067
1294,7894
1295,7882
1296,52244
1297,7886
1298,47955
1299,95658
1300,21236
1301,102388
1302,57200
1303,106673
1304,53116
1305,152138
1306,10494
1307,117613
1308,58756
1309,67897
1310,7038
1311,55067
1312,51278
1313,105901
1314,14729
1315,101996
1316,67865
1317,75593
1318,35353
1319,107575
1320,120191
1321,5054
1322,84654
1323,71118
1324,123608
1325,31970
1326,7888
1327,91070
1328,84823
1329,7472
1330,26555
1331,57571
1332,120251
1333,84529
1334,7883
1335,36931
1336,45229
1337,124891
1338,106725
1339,6061
1340,77179
1341,44927
1342,7890
1343,33531
1344,102655
1345,73254
1346,33623
1347,96446
1348,84810
1349,6736
1350,82098
1351,7882
1352,86027
1353,67269
1354,5875
1355,74302
1356,83878
1357,44214
1358,73686
1359,53816
1360,17592
1361,86881
1362,35286
1363,106313
1364,70882
1365,7881
1366,98355
1367,47214
1368,7825
1369,7885
1370,50351
1371,125595
1372,56510
1373,7880
1374,125932
1375,111776
1376,6241
1377,34653
1378,103108
1379,102982
1380,104870
1381,40456
1382,8857
1383,53499
1384,44238
1385,63754
1386,37861
1387,45219
1388,123777
1389,73421
1390,34242
1391,59379
1392,30607
1393,8898
1394,53654
1395,70155
1396,24404
1397,99509
1398,55624
1399,52315
1400,7887
1401,69139
1402,81271
1403,38035
1404,50278
1405,47888
1406,112345
1407,7410
1408,29701
1409,65815
1410,39465
1411,78033
1412,110790
1413,95426
1414,39191
1415,64251
1416,13015
1417,47251
1418,58186
1419,17489
1420,103451
1421,21708
1422,55664
1423,47610
1424,125585
1425,63449
1426,73611
1427,50412
1428,47558
1429,74838
1430,11230
1431,161025
1432,99288
1433,7893
1434,44398
1435,85891
1436,9692
1437,86455
1438,60991
1439,77095
1440,53396
1441,56546
1442,97351
1443,56162
1444,69422
1445,51353
1446,84620
1447,60843
1448,78227
1449,48250
1450,101669
1451,30826
1452,84887
1453,39376
1454,63220
1455,54985
1456,67804
1457,7888
1458,7880
1459,84423
1460,117488
1461,51382
1462,41932
1463,78178
1464,19740
1465,7554
1466,111646
1467,44418
1468,79758
1469,6656
1470,7893
1471,7886
1472,17491
1473,54143
1474,38708
1475,84652
1476,139387
1477,129347
1478,62739
1479,6209
1480,78861
1481,28978
1482,114875
1483,58302
1484,139934
1485,20423
1486,7384
1487,79782
1488,32896
1489,109919
1490,91650
1491,79931
1492,81764
1493,55407
1494,40311
1495,70355
1496,75952
1497,128907
1498,18376
1499,8682
1500,92829
1501,78274
1502,7759
1503,9444
1504,165634
1505,8075
1506,95246
1507,45688
1508,86178
1509,12670
1510,46036
1511,25822
1512,7890
1513,131659
1514,104681
1515,7777
1516,84229
1517,7503
1518,54178
1519,63149
1520,44157
1521,90855
1522,77911
1523,39832
1524,73614
1525,54174
1526,68065
1527,20976
1528,115221
1529,40509
1530,107049
1531,61075
1532,36336
1533,86599
1534,46996
1535,6743
1536,7895
1537,75743
1538,55316
1539,7885
1540,33983
1541,54606
1542,116850
1543,60056
1544,59084
1545,7612
1546,50492
1547,103080
1548,36166
1549,110766
1550,40966
1551,98038
1552,39315
1553,63188
1554,62846
1555,61431
1556,90074
1557,37033
1558,87647
1559,7886
1560,145559
1561,59840
1562,57852
1563,76243
1564,79689
1565,88098
1566,66185
1567,111280
1568,72565
1569,7235
1570,16227
1571,85860
1572,41958
1573,114014
1574,66858
1575,58192
1576,106399
1577,29664
1578,6509
1579,103423
1580,77794
1581,36718
1582,95066
1583,36475
1584,64447
1585,49052
1586,13482
1587,146060
1588,7365
1589,61448
1590,111788
1591,42366
1592,61899
1593,66711
1594,62534
1595,62335
1596,112978
1597,94474
1598,55827
1599,39635
1600,9560
1601,47808
1602,63664
1603,20437
1604,68536
1605,45853
1606,99570
1607,47944
1608,6489
1609,7136
1610,23362
1611,97923
1612,34300
1613,120460
1614,70152
1615,75556
1616,65787
1617,40121
1618,43238
1619,65457
1620,88627
1621,94273
1622,39449
1623,7894
1624,86274
1625,7907
1626,99364
1627,73011
1628,84696
1629,13970
1630,47704
1631,49244
1632,47505
1633,99536
1634,103573
1635,38735
1636,32368
1637,68795
1638,96141
1639,54099
1640,61816
1641,44294
1642,88400
1643,7087
1644,73095
1645,79842
1646,51568
1647,90885
1648,14471
1649,122998
1650,58575
1651,53700
1652,7886
1653,91957
1654,5670
1655,57682
1656,62647
1657,7891
1658,47380
1659,104587
1660,26904
1661,43921
1662,56455
1663,59748
1664,67195
1665,46692
1666,22656
1667,135612
1668,2772
1669,7848
1670,130910
1671,26146
1672,108997
1673,7892
1674,77565
1675,102796
1676,67104
1677,16716
1678,46563
1679,47975
1680,132810
1681,13839
1682,45579
1683,78177
1684,53866
1685,69117
1686,71113
1687,130750
1688,9371
1689,76068
1690,7884
1691,122299
1692,39815
1693,51245
1694,112159
1695,111838
1696,31324
1697,63232
1698,8368
1699,123312
1700,68255
1701,72911
1702,7883
1703,59448
1704,75076
1705,47262
1706,35381
1707,45112
1708,89014
1709,59120
1710,61983
1711,87476
1712,73455
1713,44938
1714,36266
1715,7156
1716,61365
1717,141455
1718,82845
1719,15390
1720,6305
1721,20877
1722,76039
1723,81323
1724,94204
1725,66764
1726,72220
1727,41976
1728,64773
1729,75235
1730,46610
1731,111577
1732,88694
1733,32697
1734,84067
1735,91308
1736,6602
1737,55824
1738,113164
1739,56096
1740,51399
1741,76832
1742,47540
1743,63478
1744,81099
1745,44356
1746,56673
1747,71873
1748,52983
1749,60134
1750,51096
1751,107776
1752,83325
1753,7990
1754,112912
1755,19213
1756,52354
1757,91504
1758,39669
1759,82045
1760,43916
1761,8817
1762,64317
1763,7884
1764,63868
1765,64171
1766,31536
1767,57314
1768,68866
1769,70304
1770,33295
1771,26849
1772,45036
1773,42636
1774,112121
1775,7888
1776,7405
1777,85449
1778,7894
1779,9268
1780,44815
1781,7890
1782,86034
1783,93277
1784,7885
1785,7890
1786,43365
1787,109050
1788,52672
1789,7638
1790,102553
1791,95657
1792,30886
1793,49818
1794,55366
1795,43894
1796,50224
1797,11253
1798,148466
1799,7889
1800,37834
1801,119571
1802,29744
1803,52003
1804,59008
1805,90172
1806,52749
1807,66098
1808,94788
1809,93075
1810,75951
1811,7826
1812,134349
1813,66332
1814,89526
1815,6170
1816,7884
1817,137796
1818,26181
1819,165245
1820,95141
1821,93452
1822,7699
1823,57677
1824,60012
1825,79253
1826,70391
1827,6614
1828,7889
1829,103912
1830,49973
1831,58462
1832,7884
1833,97659
1834,32330
1835,81080
1836,38014
1837,49649
1838,78456
1839,101696
1840,12556
1841,120984
1842,54872
1843,103148
1844,47579
1845,55379
1846,71828
1847,14504
1848,86564
1849,51797
1850,90050
1851,35202
1852,7891
1853,151199
1854,64220
1855,7890
1856,133966
1857,35205
1858,68750
1859,6311
1860,75133
1861,26327
1862,38692
1863,129504
1864,54815
1865,90041
1866,103462
1867,7881
1868,61707
1869,7892
1870,43733
1871,65734
1872,64632
1873,84734
1874,55466
1875,75069
1876,7414
1877,7347
1878,76291
1879,63497
1880,90718
1881,53451
1882,96471
1883,67472
1884,85466
1885,12038
1886,8368
1887,127894
1888,51557
1889,86942
1890,18272
1891,42771
1892,34324
1893,98832
1894,65263
1895,107480
1896,68521
1897,7886
1898,68732
1899,40140
1900,20879
1901,99094
1902,89281
1903,25039
1904,17245
1905,101959
1906,7666
1907,77147
1908,64388
1909,96934
1910,5780
1911,121378
1912,89888
1913,41654
1914,53312
1915,6841
1916,79454
1917,119147
1918,92551
1919,36560
1920,55950
1921,47027
1922,7893
1923,74525
1924,89383
1925,74966
1926,7888
1927,135689
1928,85281
1929,49996
1930,58220
1931,55259
1932,96371
1933,10074
1934,7890
1935,75756
1936,35521
1937,152455
1938,62241
1939,60506
1940,79813
1941,50334
1942,49666
1943,46808
1944,86151
1945,34571
1946,7746
1947,29545
1948,121395
1949,63654
1950,70751
1951,97407
1952,34830
1953,73198
1954,33717
1955,56190
1956,95091
1957,90338
1958,52094
1959,10871
1960,56880
1961,7881
1962,56656
1963,49321
1964,32491
1965,39996
1966,56546
1967,94618
1968,14182
1969,7753
1970,44222
1971,90598
1972,29322
1973,73515
1974,32077
1975,74420
1976,45293
1977,77092
1978,51331
1979,7886
1980,51302
1981,105681
1982,53254
1983,7889
1984,79525
1985,110144
1986,54190
1987,63735
1988,95261
1989,112395
1990,7895
1991,50271
1992,33343
1993,65884
1994,7840
1995,34637
1996,101517
1997,24770
1998,96391
1999,41689
2000,6131
2001,145725
2002,69393
2003,91567
2004,95310
2005,92648
2006,7887
2007,7889
2008,7888
2009,64949
2010,60642
2011,97033
2012,91425
2013,10734
2014,113257
2015,20982
2016,58288
2017,47045
2018,68226
2019,7888
2020,80025
2021,8298
2022,77039
2023,60849
2024,100989
2025,5023
2026,7895
2027,18833
2028,129042
2029,63498
2030,38553
2031,20683
2032,66881
2033,47044
2034,119657
2035,26049
2036,7834
2037,60537
2038,54892
2039,71802
2040,7534
2041,96493
2042,7893
2043,51134
2044,85531
2045,12197
2046,105300
2047,55729
2048,117979
2049,20119
2050,35291
2051,57482
2052,99196
2053,5692
2054,7753
2055,128430
2056,99170
2057,51076
2058,18031
2059,46211
2060,80177
2061,7717
2062,7883
2063,28057
2064,160397
2065,9836
2066,94616
2067,3492
2068,86659
2069,59232
2070,7884
2071,7894
2072,55033
2073,93548
2074,31567
2075,7883
2076,7888
2077,38356
2078,97267
2079,6848
2080,7886
2081,68239
2082,163278
2083,5971
2084,34584
2085,111873
2086,58642
2087,42561
2088,65915
2089,79029
2090,21314
2091,138081
2092,31345
2093,7885
2094,71957
2095,79045
2096,50610
2097,52779
2098,47084
2099,79592
2100,63861
2101,46218
2102,96095
2103,97760
2104,45278
2105,105196
2106,6480
2107,13234
2108,75228
2109,48839
2110,7888
2111,7885
2112,52417
2113,95907
2114,97690
2115,7886
2116,56309
2117,121524
2118,33883
2119,59533
2120,7281
2121,48810
2122,63780
2123,33727
2124,62026
2125,58587
2126,88354
2127,11714
2128,7887
2129,45237
2130,68656
2131,63037
2132,75926
2133,11377
2134,7889
2135,101982
2136,97134
2137,16947
2138,75222
2139,70200
2140,97499
2141,7125
2142,7890
2143,74119
2144,62248
2145,7883
2146,9562
2147,127365
2148,38046
2149,12782
2150,47730
2151,37014
2152,71461
2153,7222
2154,62923
2155,93066
2156,51499
2157,7893
2158,81320
2159,32116
2160,58913
2161,74772
2162,136190
2163,22947
2164,109680
2165,6658
2166,7881
2167,7889
2168,149607
2169,76314
2170,5851
2171,8838
2172,111061
2173,7549
2174,37490
2175,80549
2176,80078
2177,73760
2178,93913
2179,35022
2180,54511
2181,60191
2182,98737
2183,7883
2184,7895
2185,67521
2186,69292
2187,20142
2188,95683
2189,63276
2190,93342
2191,39123
2192,58714
2193,6948
2194,72659
2195,46572
2196,127191
2197,57612
2198,7889
2199,57034
2200,38459
2201,36658
2202,107741
2203,83736
2204,51990
2205,65132
2206,48282
2207,84475
2208,73432
2209,7339
2210,75723
2211,118203
2212,105691
2213,34797
2214,7892
2215,51321
2216,36300
2217,48232
2218,74492
2219,5052
2220,80608
2221,7894
2222,41774
2223,76452
2224,48874
2225,17332
2226,8463
2227,70525
2228,111259
2229,7307
2230,65533
2231,55867
2232,86702
2233,76184
2234,98973
2235,93000
2236,15088
2237,9561
2238,45661
2239,53398
2240,40384
2241,103894
2242,58069
2243,8206
2244,114274
2245,63877
2246,64038
2247,46468
2248,100902
2249,7885
2250,7893
2251,73134
2252,52364
2253,81650
2254,95454
2255,26401
2256,85105
2257,35214
2258,7883
2259,49276
2260,26404
2261,167801
2262,14807
2263,6963
2264,40777
2265,115050
2266,6730
2267,86233
2268,62803
2269,74320
2270,57279
2271,7890
2272,118824
2273,59696
2274,7504
2275,59581
2276,56906
2277,95311
2278,49155
2279,117334
2280,49726
2281,7887
2282,125298
2283,98446
2284,30736
2285,65592
2286,7888
2287,14166
2288,82779
2289,112741
2290,15713
2291,27860
2292,91271
2293,7191
2294,21901
2295,155658
2296,7356
2297,8102
2298,7884
2299,80260
2300,98528
2301,108477
2302,7769
2303,7883
2304,73705
2305,60858
2306,7880
2307,32668
2308,149318
2309,7887
2310,52877
2311,7886
2312,81826
2313,8026
2314,7883
2315,95581
2316,9043
2318,164790
2319,23985
2320,9142
2321,28694
2322,152693
2323,8847
2324,7890
2325,75820
2326,56141
2327,7889
2328,94356
2329,6532
2330,15773
2331,70863
2332,53712
2333,7885
2334,93582
2335,54964
2336,20690
2337,37487
2338,88082
2339,11128
2340,69353
2341,60090
2342,89677
2343,69497
2344,7892
2345,133609
2346,7890
2347,43464
2348,53907
2349,7399
2350,96276
2351,28953
2352,22561
2353,113682
2354,79576
2355,7885
2356,67288
2357,72193
2358,40078
2359,34302
2360,83333
2361,38313
2362,30274
2363,63770
2364,102210
2365,85915
2366,66262
2367,18614
2368,41550
2369,58252
2370,82570
2371,7887
2372,28298
2373,109210
2374,7885
2375,7889
2376,84995
2377,7371
2378,109757
2379,12181
2380,8489
2381,30213
2382,142425
2383,6554
2384,8327
2385,38279
2386,74011
2387,101981
2388,17109
2389,35100
2390,11231
2391,120027
2392,7885
2393,102766
2394,33423
2395,7313
2396,7885
2397,26194
2398,88231
2399,111246
2400,75122
2401,7871
2402,16183
2403,84832
2404,7395
2405,104856
2406,7881
2407,111422
2408,91068
2409,30371
2410,7627
2411,100918
2412,47775
2413,6062
2414,58745
2415,26920
2416,70922
2417,25767
2418,7883
2419,82169
2420,56467
2421,29842
2422,103928
2423,65069
2424,16366
2425,41483
2426,66980
2427,48328
2428,43175
2429,39432
2430,45518
2431,94943
2432,25439
2433,100490
2434,7825
2435,90054
2436,148600
2437,55950
2438,70359
2439,7276
2440,8284
2441,8047
2442,75741
2443,8819
2444,45206
2445,91250
2446,40161
2447,7891
2448,54643
2449,46276
2450,63215
2451,41989
2452,7794
2453,41821
2454,108529
2455,53697
2456,67800
2457,31909
2458,7968
2459,92216
2460,118175
2461,7970
2462,20838
2463,82720
2464,92378
2465,13277
2466,7885
2467,137517
2468,7656
2469,21165
2470,60286
2471,55080
2472,78067
2473,8297
2474,92652
2475,57163
2476,7892
2477,48139
2478,26388
2479,32997
2480,96599
2481,6436
2482,7884
2483,140737
2484,49376
2485,7890
2486,61470
2487,66180
2488,75644
2489,7883
2490,11948
2491,96222
2492,7888
2493,62391
2494,90416
2495,54614
2496,7456
2497,75862
2498,17271
2499,153332
2500,35075
2501,67638
2502,6294
2503,40431
2504,71984
2505,24312
2506,7402
2507,67665
2508,109965
2509,7648
2510,7888
2511,28372
2512,67028
2513,76511
2514,65110
2515,58748
2516,7886
2517,7886
2518,7889
2519,67173
2520,74313
2521,92632
2522,76500
2523,7887
2524,112184
2525,86990
2526,7884
2527,33223
2528,60460
2529,7889
2530,91365
2531,30552
2532,6264
2533,51452
2534,82600
2535,62682
2536,58288
2537,8256
2538,112629
2539,7886
2540,68631
2541,18493
2542,25367
2543,26351
2544,30354
2545,84968
2546,115465
2547,7296
2548,51161
2549,103376
2550,35837
2551,55972
2552,102869
2553,7882
2554,7887
2555,49480
2556,75149
2557,79045
2558,6611
2559,114606
2560,45305
2561,9821
2562,103492
2563,7638
2564,19840
2565,106362
2566,104518
2567,7887
2568,38063
2569,102437
2570,67890
2571,39212
2572,7889
2573,87364
2574,36846
2575,7949
2576,53285
2577,100862
2578,57884
2579,140660
2580,67974
2581,63412
2582,7889
2583,70667
2584,7886
2585,7765
2586,86589
2587,36080
2588,96292
2589,7891
2590,51782
2591,83884
2592,48084
2593,27143
2594,7890
2595,39501
2596,133534
2597,7205
2598,7891
2599,7891
2600,131730
2601,69606
2602,30422
2603,95512
2604,54930
2605,7889
2606,85273
2607,7873
2608,81709
2609,7885
2610,76193
2611,107287
2612,59192
2613,21824
2614,74663
2615,60551
2616,7326
2617,7888
2618,74161
2619,20556
2620,140996
2621,37381
2622,7878
2623,7893
2624,53918
2625,41427
2626,97071
2627,76082
2628,28534
2629,81375
2630,7375
2631,40343
2632,92937
2633,45531
2634,7115
2635,115488
2636,6996
2637,61494
2638,89627
2639,7878
2640,7890
2641,74465
2642,5063
2643,7714
2644,7887
2645,7889
2646,134483
2647,130826
2648,7886
2649,7888
2650,6763
2651,19690
2652,106781
2653,86482
2654,68524
2655,51242
2656,64788
2657,79884
2658,75441
2659,5473
2660,58478
2661,104183
2662,7882
2663,7773
2664,49026
2665,67878
2666,74212
2667,6691
2668,81253
2669,60367
2670,98496
2671,8643
2672,83703
2673,56456
2674,52529
2675,77216
2676,7888
2677,51557
2678,40729
2679,102235
2680,78985
2681,7796
2682,74484
2683,101982
2684,101582
2685,46051
2686,24166
2687,64599
2688,6726
2689,33025
2690,127330
2691,95693
2692,7890
2693,106118
2694,88537
2695,14685
2696,139048
2697,31934
2698,47389
2699,105458
2700,29904
2701,50665
2702,101465
2703,7882
2704,60955
2705,75935
2706,7683
2707,7891
2708,107495
2709,2492
2710,145206
2711,7884
2712,7889
2713,37049
2714,48950
2715,6377
2716,7279
2717,7895
2718,7880
2719,60927
2720,118205
2721,72563
2722,60701
2723,54080
2724,7888
2725,62909
2726,28879
2727,48302
2728,102529
2729,7825
2730,6981
2731,8853
2732,73861
2733,7759
2734,7885
2735,141169
2736,130882
2737,7889
2738,46994
2739,46760
2740,26315
2741,66871
2742,45363
2743,34227
2744,90708
2745,61275
2746,35368
2747,7523
2748,30319
2749,61325
2750,60394
2751,60993
2752,50940
2753,88231
2754,72176
2755,6546
2756,100884
2757,91261
2758,17495
2759,16005
2760,76539
2761,7575
2762,91083
2763,7990
2764,133223
2765,57947
2766,7883
2767,42762
2768,53746
2769,108153
2770,77210
2771,72587
2772,7887
2773,60667
2774,75261
2775,66594
2776,7868
2777,104031
2778,84308
2779,81373
2780,7892
2781,7887
2782,77827
2783,6027
2784,10411
2785,80456
2786,55768
2787,96197
2788,7868
2789,7274
2790,8262
2791,103696
2792,91469
2793,91364
2794,6942
2795,82422
2796,68130
2797,62042
2798,87954
2799,6785
2800,6310
2801,7415
2802,88160
2803,80407
2804,6527
2805,7061
2806,7885
2807,7888
2808,64152
2809,92895
2810,6444
2811,39878
2812,104497
2813,15415
2814,86995
2815,97477
2816,27160
2817,118821
2818,27911
2819,53692
2820,64542
2821,7884
2822,86767
2823,57886
2824,107371
2825,7891
2826,101355
2827,34951
2828,46229
2829,54227
2830,123441
2831,36978
2832,7886
2833,7886
2834,66028
2835,28842
2836,73067
2837,7703
2838,144653
2839,7894
2840,54052
2841,64951
2842,59762
2843,55464
2844,85245
2845,21348
2846,7887
2847,78363
2848,31454
2849,35206
2850,90904
2851,7856
2852,98984
2853,48323
2854,91922
2855,33262
2856,23873
2857,100100
2858,110807
2859,46724
2860,7889
2861,7889
2862,7892
2863,59177
2864,9390
2865,114864
2866,88840
2867,42548
2868,33528
2869,62905
2870,94260
2871,51017
2872,115644
2873,44817
2874,7272
2875,7884
2876,20956
2877,133347
2878,53248
2879,51169
2880,56750
2881,71348
2882,21209
2883,53968
2884,7885
2885,7888
2886,12567
2887,67625
2888,142350
2889,7885
2890,7890
2891,53978
2892,76920
2893,88559
2894,55381
2895,91981
2896,22560
2897,58043
2898,66965
2899,30183
2900,15854
2901,148904
2902,38386
2903,7885
2904,6756
2905,7789
2906,152034
2907,17401
2908,111319
2909,24427
2910,7895
2911,7887
2912,98586
2913,7296
2914,7883
2915,81008
2916,29203
2917,156521
2918,7885
2919,7884
2920,45537
2921,24944
2922,114915
2923,20283
2924,6487
2925,7180
2926,0
2927,0
2928,0
2929,0
2930,0
2931,0
2932,0
2933,0
2934,0
2935,0
2936,0
2937,0
2938,0
2939,0
2940,0
2941,0
2942,0
2943,0
2944,0
2945,0
2946,0
2947,0
2948,0
2949,0
2950,0
2951,0
2952,0
2953,0
2954,0
2955,0
2956,0
2957,0
2958,0
2959,0
2960,0
2961,0
2962,0
2963,0
2964,0
2965,0
2966,0
2967,0
2968,0
2969,0
2970,0
2971,0
2972,0
2973,0
2974,0
2975,0
2976,0
2977,0
2978,0
2979,0
2980,0
2981,0
2982,0
2983,0
2984,0
2985,0
2986,0
2987,0
2988,0
2989,0
2990,0
2991,0
2992,0
2993,0
2994,0
2995,0
2996,0
2997,0
2998,0
2999,0
3000,0
3001,0
3002,0
3003,0
3004,0
3005,0
3006,0
3007,0
3008,0
3009,0
3010,0
3011,0
3012,0
3013,0
3014,0
3015,0
3016,0
3017,0
3018,0
3019,0
3020,0
3021,0
3022,0
3023,0
3024,0
3025,0
3026,0
3027,0
3028,0
3029,0
3030,0
3031,0
3032,0
3033,0
3034,0
3035,0
3036,0
3037,0
3038,0
3039,0
3040,0
3041,0
3042,0
3043,0
3044,0
3045,0
3046,0
3047,0
3048,0
3049,0
3050,0
3051,0
3052,0
3053,0
3054,0
3055,0
3056,0
3057,0
3058,0
3059,0
3060,0
3061,0
3062,0
3063,0
3064,0
3065,0
3066,0
3067,0
3068,0
3069,0
3070,0
3071,0
3072,0
3073,0
3074,0
3075,0
3076,0
3077,0
3078,0
3079,0
3080,0
3081,0
3082,0
3083,0
3084,0
3085,0
3086,0
3087,0
3088,0
3089,0
3090,0
3091,0
3092,0
3093,0
3094,0
3095,0
3096,0
3097,0
3098,0
3099,0
3100,0
3101,0
3102,0
3103,0
3104,0
3105,0
3106,0
3107,0
3108,0
3109,0
3110,0
3111,0
3112,0
3113,0
3114,0
3115,0
3116,0
3117,0
3118,0
3119,0
3120,0
3121,0
3122,0
3123,0
3124,0
3125,0
3126,0
3127,0
3128,0
3129,0
3130,0
3131,0
3132,0
3133,0
3134,0
3135,0
3136,0
3137,0
3138,0
3139,0
3140,0
3141,0
3142,0
3143,0
3144,0
3145,0
3146,0
3147,0
3148,0
3149,0
3150,0
3151,0
3152,0
3153,0
3154,0
3155,0
3156,0
3157,0
3158,0
3159,0
3160,0
3161,0
3162,0
3163,0
3164,0
3165,0
3166,0
3167,0
3168,0
3169,0
3170,0
3171,0
3172,0
3173,0
3174,0
3175,0
3176,0
3177,0
3178,0
3179,0
3180,0
3181,0
3182,0
3183,0
3184,0
3185,0
3186,0
3187,0
3188,0
3189,0
3190,0
3191,0
3192,0
3193,0
3194,0
3195,0
3196,0
3197,0
3198,0
3199,0
3200,0
3201,0
3202,0
3203,0
3204,0
3205,0
3206,0
3207,0
3208,0
3209,0
3210,0
3211,0
3212,0
3213,0
3214,0
3215,0
3216,0
3217,0
3218,0
3219,0
3220,0
3221,0
3222,0
3223,0
3224,0
3225,0
3226,0
3227,0
3228,0
3229,0
3230,0
3231,0
3232,0
3233,0
3234,0
3235,0
3236,0
3237,0
3238,0
3239,0
3240,0
3241,0
3242,0
3243,0
3244,0
3245,0
3246,0
3247,0
3248,0
3249,0
3250,0
3251,0
3252,0
3253,0
3254,0
3255,0
3256,0
3257,0
3258,0
3259,0
3260,0
3261,0
3262,0
3263,0
3264,0
3265,0
3266,0
3267,0
3268,0
3269,0
3270,0
3271,0
3272,0
3273,0
3274,0
3275,0
3276,0
3277,0
3278,0
3279,0
3280,0
3281,0
3282,1083
3283,6797
3284,7523
3285,7681
3286,7782
3287,7762
3288,8055
3289,7795
3290,8109
3291,8164
3292,7913
3293,8261
3294,8029
3295,7932
3296,8091
3297,7962
3298,8065
3299,8133
3300,8058
3301,8156
3302,8276
3303,8260
3304,8159
3305,8007
3306,8381
3307,8324
3308,8476
3309,8425
3310,8241
3311,8746
3312,8950
3313,9296
3314,9123
3315,9010
3316,9176
3317,8932
3318,9169
3319,8939
3320,9240
3321,9352
3322,9313
3323,9237
3324,9188
3325,9099
3326,9400
3327,9234
3328,9262
3329,9314
3330,9271
3331,9595
3332,9281
3333,9487
3334,9350
3335,9425
3336,9406
3337,9249
3338,9271
3339,9337
3340,9311
3341,9068
3342,9181
3343,9178
3344,8974
3345,8910
3346,8987
3347,9038
3348,8978
3349,9078
3350,9037
3351,9110
3352,8945
3353,9070
3354,8938
3355,8714
3356,8901
3357,8911
3358,9053
3359,8856
3360,8961
3361,9140
3362,9036
3363,9146
3364,8834
3365,9288
3366,9739
3367,9733
3368,9653
3369,9873
3370,9775
3371,9920
3372,9724
3373,9837
3374,9969
3375,9976
3376,10004
3377,9889
3378,9744
3379,9693
3380,9659
3381,9529
3382,9646
3383,9709
3384,9731
3385,9696
3386,9587
3387,9726
3388,9595
3389,9717
3390,9529
3391,9409
3392,9583
3393,9299
3394,9249
3395,9633
3396,9307
3397,9411
3398,9110
3399,9211
3400,9268
3401,9211
3402,9416
3403,9344
3404,9161
3405,9202
3406,8995
3407,9119
3408,9206
3409,9159
3410,9109
3411,9060
3412,9282
3413,9124
3414,9276
3415,9287
3416,9113
3417,9160
3418,10008
3419,10049
3420,9786
3421,10053
3422,9989
3423,9949
3424,9713
3425,10028
3426,10129
3427,10349
3428,10452
3429,10075
3430,10050
3431,10117
3432,10041
3433,10220
3434,9669
3435,9948
3436,10027
3437,9893
3438,10152
3439,9978
3440,9903
3441,9835
3442,9875
3443,9901
3444,9675
3445,9639
3446,9643
3447,9490
3448,9765
3449,9774
3450,9518
3451,9730
3452,9473
3453,9802
3454,9668
3455,9424
3456,9662
3457,9483
3458,9419
3459,9465
3460,9658
3461,9543
3462,9617
3463,9423
3464,9560
3465,9514
3466,9582
3467,9155
3468,9727
3469,10153
3470,10339
3471,10187
3472,10264
3473,10344
3474,10319
3475,10521
3476,10208
3477,10275
3478,10076
3479,10555
3480,10053
3481,9896
3482,10136
3483,10215
3484,9919
3485,10115
3486,10002
3487,10025
3488,10120
3489,10135
3490,10234
3491,9991
3492,10210
3493,10243
3494,10065
3495,10098
3496,9908
3497,9973
3498,9960
3499,9934
3500,9810
3501,9791
3502,9868
3503,9531
3504,9554
3505,9749
3506,9553
3507,9715
3508,9616
3509,9547
3510,9769
3511,9537
3512,9554
3513,9620
3514,9547
3515,9363
3516,9428
3517,9514
3518,9825
3519,10311
3520,10748
3521,10618
3522,10453
3523,10301
3524,10494
3525,10600
3526,10646
3527,10752
3528,10730
3529,10599
3530,10458
3531,10461
3532,9918
3533,10334
3534,10371
3535,10423
3536,10255
3537,10340
3538,10318
3539,10457
3540,10167
3541,10180
3542,10368
3543,10231
3544,10246
3545,10142
3546,9788
3547,10103
3548,10034
3549,10016
3550,10097
3551,10092
3552,10130
3553,10172
3554,9764
3555,9957
3556,9989
3557,9664
3558,9560
3559,9535
3560,9884
3561,9721
3562,9894
3563,10098
3564,9854
3565,9811
3566,9581
3567,9942
3568,10517
3569,10235
3570,10873
3571,10721
3572,10810
3573,10797
3574,10765
3575,10698
3576,10854
3577,10864
3578,10599
3579,10583
3580,10604
3581,10433
3582,10446
3583,10571
3584,10292
3585,10457
3586,10605
3587,10486
3588,10522
3589,10454
3590,10285
3591,10503
3592,10034
3593,10203
3594,10029
3595,10147
3596,10044
3597,10073
3598,10163
3599,10216
3600,9916
3601,10029
3602,9965
3603,10074
3604,9809
3605,10059
3606,9983
3607,9454
3608,9739
3609,9866
3610,9360
3611,9650
3612,9786
3613,9671
3614,9780
3615,9639
3616,10589
3617,10592
3618,10807
3619,10513
3620,10458
3621,10704
3622,10880
3623,10884
3624,10896
3625,10767
3626,10761
3627,10697
3628,10640
3629,10633
3630,10642
3631,10441
3632,10657
3633,10447
3634,10600
3635,10518
3636,10695
3637,10481
3638,10296
3639,10264
3640,10262
3641,10152
3642,10113
3643,10157
3644,10105
3645,10138
3646,10094
3647,10023
3648,10106
3649,10109
3650,9823
3651,9520
3652,9790
3653,9869
3654,10106
3655,9992
3656,9907
3657,10098
3658,9920
3659,9765
3660,9876
3661,9864
3662,9865
3663,9544
3664,10587
3665,10791
3666,10864
3667,10582
3668,10658
3669,10692
3670,10703
3671,10755
3672,10822
3673,10741
3674,10663
3675,10622
3676,10616
3677,10466
3678,10449
3679,10494
3680,10558
3681,10325
3682,10267
3683,10581
3684,10310
3685,10493
3686,10244
3687,9970
3688,10006
3689,10235
3690,10245
3691,10197
3692,10075
3693,10279
3694,10361
3695,10159
3696,10341
3697,10434
3698,10303
3699,10118
3700,10134
3701,10157
3702,9694
3703,10132
3704,9994
3705,10056
3706,10020
3707,9945
3708,10024
3709,9997
3710,9825
3711,9863
3712,10276
3713,10952
3714,10958
3715,11054
3716,10630
3717,10889
3718,10981
3719,11218
3720,10853
3721,10828
3722,10907
3723,10876
3724,10884
3725,10908
3726,10765
3727,10892
3728,10812
3729,10900
3730,10774
3731,10847
3732,10945
3733,10786
3734,10616
3735,10547
3736,10659
3737,10479
3738,10592
3739,10511
3740,10291
3741,10576
3742,10288
3743,10309
3744,10075
3745,10335
3746,10026
3747,10144
3748,10112
3749,9998
3750,10169
3751,10184
3752,10190
3753,9877
3754,9802
3755,10133
3756,9877
3757,10024
3758,9878
3759,10336
3760,10936
3761,10817
3762,10621
3763,11024
3764,11022
3765,10743
3766,10875
3767,10906
3768,10974
3769,10920
3770,10904
3771,10729
3772,10438
3773,10630
3774,10815
3775,10516
3776,10820
3777,10617
3778,10529
3779,10443
3780,10577
3781,10112
3782,10468
3783,10489
3784,10460
3785,10200
3786,10073
3787,10216
3788,10331
3789,10347
3790,10184
3791,10395
3792,10332
3793,10422
3794,10128
3795,10125
3796,10166
3797,10160
3798,9579
3799,9972
3800,9984
3801,10073
3802,9983
3803,10026
3804,9889
3805,9801
3806,9846
3807,10484
3808,11062
3809,11206
3810,10943
3811,11100
3812,10995
3813,11191
3814,10924
3815,10941
3816,11117
3817,10923
3818,10840
3819,10920
3820,10813
3821,11019
3822,10779
3823,10371
3824,10744
3825,10752
3826,10351
3827,11194
3828,11191
3829,10856
3830,10549
3831,10882
3832,10398
3833,10957
3834,10581
3835,10631
3836,10509
3837,10777
3838,10623
3839,10437
3840,10533
3841,10370
3842,10225
3843,10254
3844,10241
3845,10462
3846,10373
3847,10096
3848,10378
3849,10334
3850,10224
3851,10460
3852,10375
3853,10393
3854,10912
3855,11178
3856,10842
3857,10865
3858,11283
3859,10951
3860,11160
3861,10972
3862,10862
3863,11189
3864,10987
3865,10990
3866,10955
3867,10852
3868,10893
3869,11056
3870,10868
3871,10960
3872,10884
3873,10977
3874,10928
3875,10709
3876,10666
3877,10974
3878,10605
3879,10647
3880,10542
3881,10598
3882,10347
3883,10620
3884,10784
3885,10654
3886,10599
3887,10238
3888,10415
3889,10461
3890,10460
3891,10249
3892,10185
3893,10017
3894,10348
3895,10215
3896,9966
3897,10311
3898,10352
3899,10198
3900,10902
3901,11136
3902,11105
3903,11441
3904,11133
3905,11179
3906,11183
3907,11647
3908,11221
3909,11397
3910,10838
3911,10815
3912,10982
3913,10911
3914,10935
3915,10921
3916,10936
3917,11049
3918,10810
3919,10724
3920,10818
3921,10869
3922,10728
3923,10809
3924,10848
3925,10611
3926,10620
3927,10593
3928,10527
3929,10180
3930,10619
3931,10448
3932,10521
3933,10529
3934,10267
3935,10537
3936,10444
3937,10467
3938,10388
3939,10575
3940,10314
3941,10336
3942,9692
3943,10257
3944,10083
3945,10060
3946,10370
3947,11106
3948,11086
3949,11282
3950,11404
3951,11455
3952,11332
3953,11036
3954,11027
3955,11345
3956,11096
3957,11002
3958,11200
3959,10895
3960,11256
3961,11138
3962,10768
3963,10943
3964,10575
3965,10954
3966,10752
3967,10974
3968,10954
3969,10938
3970,10771
3971,10870
3972,10878
3973,10633
3974,10924
3975,10718
3976,10606
3977,10710
3978,10414
3979,10724
3980,10507
3981,10442
3982,10356
3983,10431
3984,10378
3985,10242
3986,10051
3987,9848
3988,10324
3989,10313
3990,10367
3991,10291
3992,10456
3993,11190
3994,11062
3995,11172
3996,11019
3997,11196
3998,11278
3999,11379
4000,11495
4001,11427
4002,11113
4003,11131
4004,11164
4005,10872
4006,10956
4007,10952
4008,10901
4009,10860
4010,10927
4011,10975
4012,11022
4013,10921
4014,10806
4015,10848
4016,10802
4017,10527
4018,10741
4019,10591
4020,10753
4021,10492
4022,10758
4023,10362
4024,10437
4025,10461
4026,10676
4027,10586
4028,10400
4029,10436
4030,10520
4031,10478
4032,10463
4033,10546
4034,10472
4035,10326
4036,10337
4037,10294
4038,10644
4039,11260
4040,11348
4041,11445
4042,11458
4043,11118
4044,11363
4045,11177
4046,11343
4047,11412
4048,11503
4049,11038
4050,11392
4051,10836
4052,11232
4053,10955
4054,11040
4055,10856
4056,11135
4057,10863
4058,11027
4059,11126
4060,10707
4061,10699
4062,10835
4063,10880
4064,10584
4065,10718
4066,10779
4067,10745
4068,10792
4069,10695
4070,10791
4071,10653
4072,10570
4073,10366
4074,10519
4075,10465
4076,10382
4077,10351
4078,10565
4079,9958
4080,10191
4081,10534
4082,10369
4083,10242
4084,10769
4085,11200
4086,11172
4087,11461
4088,11321
4089,11560
4090,11320
4091,11646
4092,11462
4093,11727
4094,11389
4095,11181
4096,11277
4097,11297
4098,11076
4099,11161
4100,11011
4101,11174
4102,11217
4103,11106
4104,11275
4105,11011
4106,10759
4107,10892
4108,10913
4109,11005
4110,10782
4111,10690
4112,10645
4113,10864
4114,10857
4115,10790
4116,10870
4117,10739
4118,10788
4119,10460
4120,10362
4121,10158
4122,10260
4123,10194
4124,10538
4125,10404
4126,10218
4127,10406
4128,10259
4129,10049
4130,11274
4131,11455
4132,11364
4133,11422
4134,11213
4135,11606
4136,11601
4137,11642
4138,11511
4139,11567
4140,11293
4141,11253
4142,11410
4143,11067
4144,11084
4145,11233
4146,11190
4147,11123
4148,11148
4149,11192
4150,11204
4151,10927
4152,11033
4153,10790
4154,10745
4155,10795
4156,10889
4157,10841
4158,10818
4159,10766
4160,10874
4161,10913
4162,10776
4163,10259
4164,10179
4165,10258
4166,10716
4167,10594
4168,10368
4169,10400
4170,10735
4171,10565
4172,10524
4173,10470
4174,10248
4175,10915
4176,11220
4177,11563
4178,11286
4179,11432
4180,11073
4181,11419
4182,11337
4183,11453
4184,10679
4185,11168
4186,11043
4187,11055
4188,11255
4189,10964
4190,10961
4191,11080
4192,10924
4193,10769
4194,11039
4195,11268
4196,10856
4197,10585
4198,10740
4199,10976
4200,10715
4201,10538
4202,10725
4203,10822
4204,10821
4205,10547
4206,10579
4207,10637
4208,10669
4209,10404
4210,10553
4211,10268
4212,10494
4213,10574
4214,10341
4215,10415
4216,10478
4217,10476
4218,9720
4219,10401
4220,10338
4221,11042
4222,11484
4223,11430
4224,11091
4225,11774
4226,11630
4227,11482
4228,11476
4229,11337
4230,11393
4231,11264
4232,11217
4233,10867
4234,10838
4235,10905
4236,10856
4237,11139
4238,11226
4239,11137
4240,11101
4241,10891
4242,11002
4243,10936
4244,11038
4245,10985
4246,10857
4247,10805
4248,10531
4249,10810
4250,10629
4251,10655
4252,10864
4253,10744
4254,10675
4255,10552
4256,10584
4257,10770
4258,10430
4259,10659
4260,10482
4261,10286
4262,10350
4263,10529
4264,10417
4265,10028
4266,10249
4267,11360
4268,11646
4269,11477
4270,11148
4271,11339
4272,11358
4273,11488
4274,11338
4275,11354
4276,11454
4277,11125
4278,10883
4279,11073
4280,10891
4281,11065
4282,11239
4283,11045
4284,11302
4285,11423
4286,11294
4287,11213
4288,11008
4289,11071
4290,10804
4291,10932
4292,10916
4293,10905
4294,11058
4295,11022
4296,10901
4297,10849
4298,10979
4299,10827
4300,10781
4301,10679
4302,10736
4303,10771
4304,10641
4305,10488
4306,10321
4307,10477
4308,10528
4309,10584
4310,10376
4311,10261
4312,11589
4313,11614
4314,11775
4315,11539
4316,11406
4317,11819
4318,11541
4319,11358
4320,11437
4321,11416
4322,11090
4323,11530
4324,11225
4325,11344
4326,11469
4327,11358
4328,11125
4329,11058
4330,10706
4331,10999
4332,11079
4333,11055
4334,10685
4335,10814
4336,10977
4337,10711
4338,10718
4339,10821
4340,10854
4341,10685
4342,10744
4343,10830
4344,10702
4345,10545
4346,10674
4347,10460
4348,10691
4349,10638
4350,10542
4351,10634
4352,10709
4353,10574
4354,10425
4355,10577
4356,10524
4357,11167
4358,11363
4359,11610
4360,11478
4361,11076
4362,11412
4363,11611
4364,11627
4365,11554
4366,11176
4367,11257
4368,11120
4369,11390
4370,11298
4371,11196
4372,11499
4373,11322
4374,11149
4375,11088
4376,11244
4377,11257
4378,10899
4379,10913
4380,11023
4381,11185
4382,11120
4383,11094
4384,11000
4385,11039
4386,10959
4387,10866
4388,10836
4389,10936
4390,10717
4391,10604
4392,10493
4393,10654
4394,10614
4395,10740
4396,9769
4397,10593
4398,10631
4399,10612
4400,10195
4401,10162
4402,11065
4403,11491
4404,11586
4405,11871
4406,11668
4407,11759
4408,11456
4409,11746
4410,11665
4411,11595
4412,11302
4413,11450
4414,11527
4415,11653
4416,11540
4417,11473
4418,11461
4419,11234
4420,11208
4421,11433
4422,10978
4423,11042
4424,10856
4425,11081
4426,10992
4427,11026
4428,10805
4429,10982
4430,10954
4431,10727
4432,10629
4433,10815
4434,10912
4435,10419
4436,10687
4437,10697
4438,10734
4439,10482
4440,10751
4441,10873
4442,10460
4443,10678
4444,10676
4445,10715
4446,10466
4447,11361
4448,11602
4449,11472
4450,11693
4451,11592
4452,11848
4453,11781
4454,11744
4455,11704
4456,11415
4457,11406
4458,11019
4459,11590
4460,11212
4461,11383
4462,11262
4463,11390
4464,11352
4465,11371
4466,11193
4467,11296
4468,11003
4469,11220
4470,11044
4471,11193
4472,11079
4473,11021
4474,10959
4475,10898
4476,11208
4477,10981
4478,11095
4479,10767
4480,10647
4481,10516
4482,10321
4483,10579
4484,10656
4485,10631
4486,10508
4487,10606
4488,10721
4489,10851
4490,10436
4491,10387
4492,11514
4493,11688
4494,11179
4495,11008
4496,11523
4497,11534
4498,11629
4499,11690
4500,11656
4501,11448
4502,11291
4503,11367
4504,11268
4505,11331
4506,11214
4507,11511
4508,11017
4509,11027
4510,11037
4511,11406
4512,11154
4513,11012
4514,11216
4515,10904
4516,10844
4517,11012
4518,10730
4519,10762
4520,10617
4521,10803
4522,10560
4523,10788
4524,10435
4525,10672
4526,10611
4527,10778
4528,10692
4529,10593
4530,10624
4531,10325
4532,10453
4533,10718
4534,10783
4535,10617
4536,10555
4537,11475
4538,11474
4539,11677
4540,11467
4541,11742
4542,11323
4543,11301
4544,11378
4545,11440
4546,11615
4547,11236
4548,11176
4549,11374
4550,11231
4551,11324
4552,11403
4553,11288
4554,11352
4555,11120
4556,11313
4557,11100
4558,11127
4559,10982
4560,10881
4561,10928
4562,10934
4563,10862
4564,11054
4565,11241
4566,11050
4567,11045
4568,10847
4569,10983
4570,10695
4571,10837
4572,10464
4573,10748
4574,10615
4575,10557
4576,10530
4577,10704
4578,10427
4579,10688
4580,10693
4581,10461
4582,11500
4583,11529
4584,11973
4585,11557
4586,11603
4587,11246
4588,11490
4589,11330
4590,11921
4591,11714
4592,11046
4593,11342
4594,11501
4595,11269
4596,11297
4597,11117
4598,11155
4599,11270
4600,11419
4601,11267
4602,11083
4603,11185
4604,11127
4605,11074
4606,10923
4607,10944
4608,10962
4609,11280
4610,10801
4611,10933
4612,11254
4613,10892
4614,10699
4615,10922
4616,10865
4617,10731
4618,10750
4619,10467
4620,10637
4621,10526
4622,10696
4623,10726
4624,10598
4625,10472
4626,10207
4627,11602
4628,11726
4629,11679
4630,11732
4631,11706
4632,11504
4633,11801
4634,11750
4635,11561
4636,11583
4637,11408
4638,11397
4639,11354
4640,11128
4641,11077
4642,10889
4643,11015
4644,10925
4645,11103
4646,10924
4647,10806
4648,11123
4649,10939
4650,11158
4651,11242
4652,11089
4653,11088
4654,11045
4655,10945
4656,10688
4657,10749
4658,10949
4659,10864
4660,10945
4661,10650
4662,10870
4663,10589
4664,10524
4665,10692
4666,10741
4667,10955
4668,10608
4669,10373
4670,10511
4671,10764
4672,11803
4673,11839
4674,11832
4675,11540
4676,11642
4677,11819
4678,11621
4679,11674
4680,11876
4681,11334
4682,11497
4683,11580
4684,11441
4685,11630
4686,11218
4687,11222
4688,11047
4689,11096
4690,11289
4691,11291
4692,11020
4693,11160
4694,11256
4695,11072
4696,10905
4697,11124
4698,11113
4699,11061
4700,10979
4701,10946
4702,11211
4703,10740
4704,10788
4705,10752
4706,10744
4707,10763
4708,10673
4709,10846
4710,10719
4711,10702
4712,10543
4713,10455
4714,10544
4715,10341
4716,11662
4717,11802
4718,11722
4719,11811
4720,11758
4721,11585
4722,11811
4723,11530
4724,11907
4725,11568
4726,11693
4727,11815
4728,11573
4729,11678
4730,11619
4731,11504
4732,11609
4733,11641
4734,11482
4735,11523
4736,11281
4737,11312
4738,11401
4739,11227
4740,11382
4741,11233
4742,10984
4743,11196
4744,10914
4745,11000
4746,11453
4747,11228
4748,10949
4749,10944
4750,10939
4751,10804
4752,10876
4753,10760
4754,10868
4755,10897
4756,10857
4757,10772
4758,10792
4759,10695
4760,11677
4761,11451
4762,11535
4763,11455
4764,11398
4765,11876
4766,11714
4767,11767
4768,11951
4769,11483
4770,11368
4771,11404
4772,11434
4773,11561
4774,11168
4775,11445
4776,11364
4777,11351
4778,11391
4779,11293
4780,11087
4781,10797
4782,11195
4783,11047
4784,10377
4785,10815
4786,10870
4787,10884
4788,11002
4789,11031
4790,10905
4791,10694
4792,10780
4793,10708
4794,10576
4795,10499
4796,10732
4797,10789
4798,10728
4799,10465
4800,10714
4801,10543
4802,10724
4803,10528
4804,10964
4805,12174
4806,11915
4807,11984
4808,11316
4809,11931
4810,11912
4811,11901
4812,11659
4813,11943
4814,11570
4815,11545
4816,11567
4817,11690
4818,11602
4819,11673
4820,11525
4821,11524
4822,11112
4823,10999
4824,11195
4825,10655
4826,10804
4827,10921
4828,11446
4829,11218
4830,11222
4831,11329
4832,11166
4833,11274
4834,11142
4835,11053
4836,10964
4837,10842
4838,10678
4839,10844
4840,10604
4841,10658
4842,10878
4843,10618
4844,10589
4845,10923
4846,10818
4847,10547
4848,10817
4849,11695
4850,11469
4851,11898
4852,11774
4853,11978
4854,12135
4855,11905
4856,11993
4857,11924
4858,11730
4859,11685
4860,11621
4861,11725
4862,11628
4863,11221
4864,10969
4865,11685
4866,11613
4867,11538
4868,11688
4869,11544
4870,11246
4871,11330
4872,11127
4873,11132
4874,11222
4875,11108
4876,11210
4877,11265
4878,11312
4879,10871
4880,10838
4881,10868
4882,10918
4883,10903
4884,10888
4885,10697
4886,10799
4887,10621
4888,10680
4889,10856
4890,10944
4891,10829
4892,10387
4893,11802
4894,11597
4895,11642
4896,11502
4897,11527
4898,11681
4899,11814
4900,11542
4901,11841
4902,11528
4903,11440
4904,11530
4905,11512
4906,11486
4907,11579
4908,11433
4909,11170
4910,11480
4911,11520
4912,11424
4913,11268
4914,11158
4915,11348
4916,11049
4917,11124
4918,11098
4919,10929
4920,10995
4921,11142
4922,11301
4923,10770
4924,11089
4925,10765
4926,10683
4927,10771
4928,10413
4929,10823
4930,10449
4931,10811
4932,10783
4933,10682
4934,10548
4935,10843
4936,10464
4937,11338
4938,11821
4939,11742
4940,11695
4941,11252
4942,11760
4943,11815
4944,11882
4945,11674
4946,11741
4947,11805
4948,11760
4949,11799
4950,11727
4951,11452
4952,11577
4953,11453
4954,11664
4955,11572
4956,11556
4957,11459
4958,11346
4959,11142
4960,11129
4961,11178
4962,11116
4963,11288
4964,11118
4965,11085
4966,11065
4967,11369
4968,11168
4969,11140
4970,10707
4971,10892
4972,11252
4973,11015
4974,10979
4975,10618
4976,10936
4977,10983
4978,10871
4979,10736
4980,10389
4981,11546
4982,11904
4983,11634
4984,11784
4985,11647
4986,11506
4987,11803
4988,11515
4989,11703
4990,11608
4991,11451
4992,11503
4993,11495
4994,11342
4995,11635
4996,11611
4997,11621
4998,11577
4999,11451
5000,11446
5001,11341
5002,11311
5003,11179
5004,10865
5005,11110
5006,10769
5007,11333
5008,11488
5009,11439
5010,11181
5011,11435
5012,11018
5013,10764
5014,11158
5015,11022
5016,10902
5017,10818
5018,10927
5019,10757
5020,10714
5021,10990
5022,10777
5023,10776
5024,9881
5025,11778
5026,11413
5027,11909
5028,12071
5029,12136
5030,11741
5031,11828
5032,12205
5033,12128
5034,11899
5035,11666
5036,11703
5037,11192
5038,11401
5039,11387
5040,11372
5041,11587
5042,11666
5043,11723
5044,11530
5045,11645
5046,11084
5047,11366
5048,10834
5049,11346
5050,10679
5051,10969
5052,10929
5053,10814
5054,10787
5055,10951
5056,10879
5057,10687
5058,10578
5059,10619
5060,10866
5061,10736
5062,10766
5063,10865
5064,10943
5065,10977
5066,10630
5067,10668
5068,10376
5069,11139
5070,12086
5071,11643
5072,12025
5073,11883
5074,11826
5075,11970
5076,11947
5077,11993
5078,12008
5079,11999
5080,11490
5081,11810
5082,11099
5083,11645
5084,11850
5085,11517
5086,11432
5087,11692
5088,11665
5089,11273
5090,11448
5091,11520
5092,11394
5093,11394
5094,11495
5095,11481
5096,11353
5097,11552
5098,11136
5099,11240
5100,11254
5101,10951
5102,10864
5103,10950
5104,10568
5105,10873
5106,10846
5107,10923
5108,10739
5109,10736
5110,10898
5111,10777
5112,10480
5113,11684
5114,11747
5115,11928
5116,11845
5117,11550
5118,11772
5119,11995
5120,12098
5121,11823
5122,11578
5123,11647
5124,11197
5125,12056
5126,11502
5127,11583
5128,11734
5129,11564
5130,11650
5131,11576
5132,11650
5133,11279
5134,11351
5135,10797
5136,11435
5137,11409
5138,11214
5139,11042
5140,11184
5141,11100
5142,10726
5143,10862
5144,10727
5145,11053
5146,11040
